{
  "model": "VAE Baseline",
  "epochs": 100,
  "lr": 0.0001,
  "latent_dim": 64,
  "kl_weight": 0.1,
  "train_losses": [
    1984.8599541846743,
    1609.1835028465757,
    1534.7066286776928,
    1500.8683458693483,
    1481.4941432222406,
    1465.54060266373,
    1453.6799602102726,
    1443.1341059258643,
    1432.7386059050864,
    1424.7290740317487,
    1418.9198673329454,
    1412.6919075174535,
    1406.5382807305518,
    1404.4298822930518,
    1397.8876901180186,
    1392.988052692819,
    1389.3583984375,
    1386.665981860871,
    1382.4020450673204,
    1379.1459155792886,
    1375.7651055518618,
    1372.5414415724733,
    1371.5296968500666,
    1368.6288776803524,
    1364.8459680435506,
    1361.53068639877,
    1360.8868174451463,
    1357.7969061668882,
    1354.6811809133976,
    1354.1211405003326,
    1350.0840077501662,
    1348.0697670794548,
    1347.612556619847,
    1345.9916758435838,
    1343.8716443650267,
    1343.160963991855,
    1341.4731471284906,
    1340.2490935629987,
    1337.33650110123,
    1335.4287914519614,
    1335.0260113655252,
    1331.7991034325132,
    1332.7356528424202,
    1331.2211342669548,
    1329.3477939037566,
    1328.890988613697,
    1327.8582244223737,
    1325.8534844581118,
    1323.7221212184174,
    1323.8107624459774,
    1322.7235678814827,
    1321.544534886137,
    1320.500109084109,
    1317.4495330161237,
    1317.0309513173204,
    1317.7518206657248,
    1316.091022897274,
    1314.8751714178857,
    1314.9964443774934,
    1312.143201462766,
    1312.0784184881982,
    1310.0895528590424,
    1311.5672373670213,
    1309.7942465924202,
    1308.257087869847,
    1307.9093381191822,
    1306.5370782081118,
    1307.0242426446143,
    1305.7137892702792,
    1304.7049716381316,
    1303.5688242810838,
    1303.9107977684507,
    1303.9203556141954,
    1301.3941312749334,
    1303.0552588929522,
    1302.353515625,
    1301.264630256815,
    1299.5504721783577,
    1300.1233897107713,
    1298.004225710605,
    1297.1645533784906,
    1297.7847069273603,
    1296.6617042054522,
    1296.9090835895945,
    1297.2004030917553,
    1296.4018450797873,
    1294.8793503781583,
    1294.5139056266623,
    1294.3898302443483,
    1293.4490862907248,
    1293.7047612616357,
    1291.8282366813498,
    1290.6913439162233,
    1292.0164223528923,
    1289.9766585979055,
    1290.0489242229055,
    1291.5547368475732,
    1289.4938757064494,
    1289.3690679022607,
    1287.394287109375
  ],
  "val_losses": [
    1718.3372599283855,
    1567.5547688802083,
    1520.7121988932292,
    1497.5535888671875,
    1483.7754923502605,
    1467.932840983073,
    1464.0884195963542,
    1453.029805501302,
    1441.4073282877605,
    1435.3545939127605,
    1428.7919311523438,
    1424.1599731445312,
    1420.018778483073,
    1419.690694173177,
    1412.4011840820312,
    1407.738057454427,
    1408.010009765625,
    1399.8878987630208,
    1398.1211547851562,
    1406.641337076823,
    1393.05078125,
    1390.2423706054688,
    1388.8417154947917,
    1386.9839884440105,
    1383.518798828125,
    1384.365478515625,
    1383.2465413411458,
    1378.06640625,
    1376.4527384440105,
    1375.5210571289062,
    1371.858418782552,
    1371.3701171875,
    1370.3818766276042,
    1369.5696614583333,
    1366.955790201823,
    1364.4657592773438,
    1365.2626139322917,
    1363.5133056640625,
    1362.8604329427083,
    1360.97705078125,
    1358.821065266927,
    1359.7095540364583,
    1358.0755208333333,
    1356.464823404948,
    1357.238993326823,
    1353.7385660807292,
    1352.7696736653645,
    1352.9768676757812,
    1352.4294026692708,
    1350.6826782226562,
    1354.9283854166667,
    1350.1847737630208,
    1348.1139729817708,
    1346.5187377929688,
    1346.9437052408855,
    1343.76708984375,
    1345.3538208007812,
    1343.1602376302083,
    1342.7218017578125,
    1342.1490071614583,
    1342.939676920573,
    1343.9076538085938,
    1339.6766357421875,
    1341.7565104166667,
    1337.2048950195312,
    1338.6288452148438,
    1338.4200642903645,
    1340.157002766927,
    1335.7841796875,
    1336.330342610677,
    1336.4059041341145,
    1334.8195190429688,
    1335.847900390625,
    1334.167989095052,
    1333.08740234375,
    1332.582051595052,
    1333.2750040690105,
    1332.3031209309895,
    1331.9366455078125,
    1331.2032063802083,
    1329.038350423177,
    1329.303955078125,
    1330.2457885742188,
    1329.4993896484375,
    1329.9490763346355,
    1330.4893188476562,
    1328.0514119466145,
    1327.6200561523438,
    1325.4851888020833,
    1326.5755004882812,
    1327.1167399088542,
    1324.765116373698,
    1323.3394368489583,
    1327.9015502929688,
    1323.968770345052,
    1322.9997151692708,
    1323.2415771484375,
    1324.6851603190105,
    1321.7774658203125,
    1321.1448567708333
  ],
  "train_recons": [
    1972.9277967087767,
    1594.1910296500998,
    1520.777587890625,
    1487.2634589012632,
    1467.8926638339428,
    1451.9590467087767,
    1440.0906566863364,
    1429.463521754488,
    1418.9087225731382,
    1410.852663730053,
    1404.897419381649,
    1398.5931630236037,
    1392.2300791638963,
    1390.1953566530917,
    1383.5319538522274,
    1378.582771463597,
    1374.887864133145,
    1372.1962423121674,
    1367.7359982754322,
    1364.4271811627327,
    1361.0091968292886,
    1357.7700221284906,
    1356.6398562167553,
    1353.6735891788564,
    1349.815159574468,
    1346.5571003366024,
    1345.866800511137,
    1342.655863011137,
    1339.512627784242,
    1338.9229138962767,
    1334.869610725565,
    1332.774195894282,
    1332.2689832322142,
    1330.6268804022607,
    1328.4279759183844,
    1327.7426316281583,
    1325.9851879363364,
    1324.696979928524,
    1321.8197956491024,
    1319.8323636968084,
    1319.461282933012,
    1316.1776045129654,
    1317.1117800448803,
    1315.5482073844748,
    1313.6087049119017,
    1313.114855177859,
    1312.1745995054853,
    1310.1229923329454,
    1307.8971388796542,
    1307.9655216298204,
    1306.8654889045877,
    1305.692626953125,
    1304.6179329080785,
    1301.483491938165,
    1301.0659309549535,
    1301.791327293883,
    1300.1081491023936,
    1298.854728536403,
    1299.0279463098404,
    1296.1387627784243,
    1296.0261360330785,
    1294.0128407579787,
    1295.487582592254,
    1293.734281499335,
    1292.1242727726064,
    1291.7996124916888,
    1290.4099328873006,
    1290.881472323803,
    1289.5194819024268,
    1288.5474152260638,
    1287.3748129986702,
    1287.6702283494017,
    1287.7282169423204,
    1285.1209820686502,
    1286.7883690367353,
    1286.1186964968417,
    1285.0261620054853,
    1283.2779125457114,
    1283.8270003947805,
    1281.6726593666888,
    1280.8712547789228,
    1281.478726001496,
    1280.311203976895,
    1280.6482037483377,
    1280.8648292054522,
    1280.0318785322474,
    1278.497550802028,
    1278.108902302194,
    1277.9810713098404,
    1277.0718552609708,
    1277.3530922747673,
    1275.38330078125,
    1274.2762814785572,
    1275.5413818359375,
    1273.563946663065,
    1273.649665994847,
    1275.0637934258643,
    1273.0179183635305,
    1272.9676409782248,
    1270.941380277593
  ],